id,name,stations,municipality
105,Αθηναίων,871,9186
102,Αγίας Παρασκευής,63,9167
108,Αμαρουσίου,81,9168
110,Βριλησσίων,34,9169
119,Ηρακλείου,58,9170
115,Εκάλης,8,9171
124,Κηφισιάς,62,9171
129,Νέας Ερυθραίας,19,9171
125,Λυκοβρύσεως,11,9172
141,Πεύκης,25,9172
127,Μεταμορφώσεως,32,9173
130,Νέας Ιωνίας,82,9174
137,Παπάγου,21,9175
147,Χολαργού,39,9175
126,Μελισσίων,25,9176
131,Νέας Πεντέλης,9,9176
138,Πεντέλης,8,9176
135,Νέου Ψυχικού,17,9177
144,Φιλοθέης,12,9177
148,Ψυχικού,17,9177
146,Χαλανδρίου,85,9178
101,Αγίας Βαρβάρας,39,9179
104,Αγίων Αναργύρων,43,9180
123,Καματερού,29,9180
106,Αιγάλεω,99,9181
120,Ιλίου (Νέων Λιοσίων),87,9182
139,Περιστερίου,184,9183
140,Πετρουπόλεως,63,9184
145,Χαϊδαρίου,55,9185
111,Βύρωνος,72,9187
112,Γαλατσίου,60,9188
114,Δάφνης,33,9189
143,Υμηττού,17,9189
117,Ζωγράφου,82,9190
118,Ηλιουπόλεως,99,9191
121,Καισαριανής,43,9192
133,Νέας Φιλαδέλφειας,38,9193
134,Νέας Χαλκηδόνος,15,9193
103,Αγίου Δημητρίου,73,9194
107,Αλίμου,52,9195
113,Γλυφάδας,104,9196
109,Αργυρουπόλεως,40,9197
116,Ελληνικού,19,9197
122,Καλλιθέας,127,9198
128,Μοσχάτου,34,9199
142,Ταύρου,27,9199
132,Νέας Σμύρνης,92,9200
136,Παλαιού Φαλήρου,83,9201
4012,Πειραιώς,265,9205
4002,Αγκιστρίου,2,9207
4003,Αίγινας,23,9208
4005,Αντικυθήρων,1,9209
4009,Κυθήρων,19,9209
4014,Πόρου,8,9210
4016,Σπετσών,8,9212
4010,Μεθάνων,7,9213
4017,Τροιζήνος,14,9213
4018,Ύδρας,6,9214
4006,Δραπετσώνας,23,9202
4007,Κερατσινίου,101,9202
4008,Κορυδαλλού,84,9203
4001,Αγίου Ιωάννου Ρέντη,23,9204
4011,Νικαίας,136,9204
4013,Περάματος,39,9206
4004,Αμπελακίων,12,9211
4015,Σαλαμίνας,41,9211
309,Αχαρνών,105,9215
319,Θρακομακεδόνων,7,9215
310,Βάρης,18,9216
312,Βούλας,34,9216
313,Βουλιαγμένης,11,9216
302,Αγίου Στεφάνου,11,9217
305,Ανοίξεως,7,9217
317,Διονύσου,7,9217
318,Δροσιάς,7,9217
325,Κρυονερίου,6,9217
340,Ροδοπόλεως,3,9217
344,Σταμάτας,4,9217
326,Κρωπίας,32,9218
301,Αγίου Κωνσταντίνου,1,9219
323,Κερατέας,17,9219
327,Λαυρεωτικής,16,9219
311,Βαρνάβα,3,9220
316,Γραμματικού,3,9220
329,Μαραθώνος,12,9220
332,Νέας Μάκρης,21,9220
330,Μαρκοπούλου Μεσογαίας,23,9221
315,Γλυκών Νερών,11,9222
334,Παιανίας,19,9222
304,Ανθούσης,3,9223
314,Γέρακα,25,9223
336,Παλλήνης,23,9223
337,Πικερμίου,6,9224
339,Ραφήνας,16,9224
303,Αναβύσσου,10,9225
321,Καλυβίων Θορικού,15,9225
324,Κουβαρά,3,9225
335,Παλαιάς Φωκαίας,5,9225
341,Σαρωνίδος,4,9225
306,Αρτέμιδος (Λούτσας),24,9226
343,Σπάτων-Λούτσας,15,9226
307,Αυλώνος,5,9227
308,Αφιδνών,4,9227
320,Καλάμου,5,9227
322,Καπανδριτίου,5,9227
328,Μαλακάσης,2,9227
331,Μαρκοπούλου Ωρωπού,4,9227
338,Πολυδενδρίου,2,9227
345,Συκαμίνου,3,9227
347,Ωρωπίων,13,9227
1102,Ασπροπύργου,39,9228
1104,Ελευσίνος,35,9229
1107,Μαγούλας,6,9229
1103,Βιλίων,7,9230
1105,Ερυθρών,6,9230
1108,Μάνδρας,17,9230
1111,Οινόης,2,9230
1109,Μεγαρέων,37,9231
1110,Νέας Περάμου,11,9231
1101,Ανω Λιοσίων,40,9232
1106,Ζεφυρίου,11,9232
1112,Φυλής,5,9232
201,Αγγελοκάστρου,5,9123
202,Αγρινίου,78,9123
209,Αρακύνθου,13,9123
212,Θεστιέων,14,9123
215,Μακρυνείας,14,9123
220,Νεάπολης,11,9123
222,Παναιτωλικού,8,9123
223,Παραβόλας,15,9123
224,Παρακαμπυλίων,10,9123
227,Στράτου,13,9123
206,Ανακτορίου,15,9124
214,Παλαίρου,11,9124
216,Μεδεώνος,13,9124
205,Αμφιλοχίας,30,9125
213,Ινάχου,22,9125
217,Μενιδίου,8,9125
211,Θέρμου,32,9126
203,Αιτωλικού,14,9127
218,Ιεράς Πόλης Μεσολογγίου,32,9127
221,Οινιάδων,18,9127
207,Αντιρρίου,7,9128
208,Αποδοτίας,21,9128
219,Ναυπάκτου,35,9128
225,Πλατάνου,12,9128
226,Πυλλήνης,11,9128
229,Χάλκειας,9,9128
204,Αλυζίας,9,9129
210,Αστακού,20,9129
228,Φυτειών,7,9129
401,Αλέας,6,9233
402,Αργους,45,9233
405,Αχλαδοκάμπου,2,9233
408,Κουτσοποδίου,7,9233
410,Λέρνας,8,9233
411,Λυρκείας,12,9233
413,Μυκηναίων,10,9233
415,Νέας Κίου,4,9233
404,Ασκληπιείου,11,9234
406,Επιδαύρου,8,9234
407,Ερμιόνης,7,9235
409,Κρανιδίου,18,9235
403,Ασίνης,11,9236
412,Μιδέας,15,9236
414,Ναυπλιέων,27,9236
416,Νέας Τίρυνθας,7,9236
503,Βόρειας Κυνουρίας,38,9237
504,Βυτίνας,8,9238
506,Δημητσάνας,8,9238
507,Ηραίας,17,9238
508,Κλείτορος,10,9238
509,Κοντοβαζαίνης,10,9238
512,Λαγκαδίων,8,9238
519,Τρικολώνων,6,9238
521,Τροπαίων,16,9238
505,Γόρτυνος,10,9239
516,Μεγαλόπολης,37,9239
522,Φαλαισίας,20,9239
501,Τύρου,5,9240
511,Κοσμά,2,9240
514,Λεωνιδίου,17,9240
502,Βαλτετσίου,14,9241
510,Κορυθίου,7,9241
513,Λεβιδίου,16,9241
515,Μαντινείας,13,9241
517,Σκυρίτιδας,8,9241
518,Τεγέας,18,9241
520,Τρίπολης,41,9241
523,Φαλάνθου,7,9241
603,Αμβρακικού,13,9073
605,Αρταίων,38,9073
606,Βλαχέρνας,10,9073
613,Ξηροβουνίου,14,9073
616,Φιλοθέης,13,9073
607,Γεωργίου Καραϊσκάκη,11,9074
608,Ηρακλείας,6,9074
615,Τετραφυλίας,12,9074
601,Αγνάντων,13,9075
602,Αθαμανίας,21,9075
609,Θεοδωριάνων,2,9075
612,Μελισσουργών,2,9075
604,Αράχθου,13,9076
610,Κομμένου,2,9076
611,Κομποτίου,8,9076
614,Πέτα,12,9076
701,Αιγείρας,12,9130
702,Αιγίου,51,9130
703,Ακράτας,17,9130
706,Διακοπτού,16,9130
708,Ερινεού,8,9130
720,Συμπολιτείας,21,9130
707,Δύμης,18,9131
711,Λαρισσού,18,9131
715,Μόβρης,11,9131
723,Ωλένιας,16,9131
710,Καλεντζίου,1,9132
712,Λεοντίου,3,9132
721,Τριταίας,16,9132
722,Φαρρών,20,9132
704,Αροανίας,13,9133
709,Καλαβρύτων,36,9133
713,Λευκασίου,17,9133
716,Παϊων,8,9133
705,Βραχναιίκων,8,9134
714,Μεσσάτιδος,19,9134
717,Παραλίας,11,9134
718,Πατρέων,202,9134
719,Ρίου,23,9134
802,Αλιάρτου,11,9142
809,Θεσπιέων,10,9142
803,Αντικύρας,3,9143
804,Αραχώβης,5,9143
808,Διστόμου,6,9143
805,Βαγίων,5,9144
810,Θηβαίων,33,9144
811,Θίσβης,10,9144
817,Πλαταιών,9,9144
806,Δαύλειας,5,9145
812,Κορώνειας,10,9145
813,Κυριακίου,4,9145
814,Λεβαδέων,33,9145
820,Χαιρωνείας,9,9145
801,Ακραιφνίας,6,9146
816,Ορχομενού,19,9146
807,Δερβενοχωρίων,6,9147
815,Οινοφύτων,8,9147
818,Σχηματαρίου,8,9147
819,Τανάγρας,6,9147
901,Αβδέλλας,1,9061
902,Βεντζίου,13,9061
903,Γόργιανης,8,9061
904,Γρεβενών,34,9061
906,Δοτσικού,1,9061
907,Ηρακλεωτών,10,9061
908,Θεόδωρου Ζιάκα,14,9061
909,Αγίου Κοσμά,11,9061
910,Μεσολουρίου,1,9061
911,Περιβολίου,1,9061
912,Σαμαρίνης,1,9061
913,Σμίξης,1,9061
914,Φιλιππαίων,1,9061
905,Δεσκάτης,13,9062
915,Χασίων,7,9062
1001,Δοξάτου,23,9001
1003,Καλαμπακίου,13,9001
1002,Δράμας,88,9002
1008,Σιδηρονέρου,3,9002
1004,Κάτω Νευροκοπίου,29,9003
1005,Νικηφόρου,13,9004
1006,Παρανεστίου,6,9004
1007,Προσοτσάνης,30,9005
1009,Σιταγρών,14,9005
1201,Αγαθονησίου,1,9274
1203,Αστυπάλαιας,3,9275
1210,Καλυμνίων,39,9276
1215,Λειψών,2,9277
1216,Λέρου,15,9278
1222,Πάτμου,7,9279
1212,Καρπάθου,15,9280
1221,Ολύμπου,2,9280
1213,Κάσου,3,9281
1206,Δικαίου,9,9284
1207,Ηρακλειδών,12,9284
1214,Κω,25,9284
1219,Νισύρου,4,9285
1218,Μεγίστης,1,9295
1202,Αρχαγγέλου,13,9296
1204,Ατταβύρου,10,9296
1205,Αφάντου,10,9296
1208,Ιαλυσού,11,9296
1209,Καλλιθέας,12,9296
1211,Καμείρου,13,9296
1217,Λινδίων,10,9296
1220,Νότιας Ρόδου,14,9296
1223,Πεταλούδων,20,9296
1224,Ρόδου,64,9296
1225,Σύμης,7,9297
1226,Τήλου,2,9298
1227,Χάλκης,2,9299
1301,Αλεξανδρούπολης,82,9006
1310,Τραϊανούπολης,9,9006
1313,Φερών,24,9006
1303,Διδυμοτείχου,48,9007
1305,Μεταξάδων,19,9007
1302,Βύσσας,16,9008
1304,Κυπρίνου,9,9008
1306,Ορεστιάδας,41,9008
1311,Τριγώνου,27,9008
1308,Σαμοθράκης,8,9009
1307,Ορφέα,17,9010
1309,Σουφλίου,16,9010
1312,Τυχερού,12,9010
1407,Διρφύων,16,9148
1420,Μεσσαπίων,29,9148
1402,Αμαρυνθίων,12,9149
1410,Ερέτριας,10,9149
1401,Αιδηψού,14,9150
1404,Αρτεμισίου,12,9150
1411,Ιστιαίας,17,9150
1418,Λιχάδος,3,9150
1427,Ωρεών,8,9150
1412,Καρύστου,14,9151
1413,Καφηρέως,4,9151
1419,Μαρμαρίου,11,9151
1424,Στυραίων,9,9151
1406,Αυλώνος,13,9152
1408,Δυστίων,16,9152
1415,Κονιστρών,13,9152
1416,Κύμης,23,9152
1425,Ταμιναίων,20,9152
1409,Ελυμνίων,12,9153
1414,Κηρέως,17,9153
1422,Νηλέως,9,9153
1423,Σκύρου,7,9154
1403,Ανθηδώνος,8,9155
1405,Αυλίδος,12,9155
1417,Ληλαντίων,24,9155
1421,Νέας Αρτάκης,11,9155
1426,Χαλκιδέων,69,9155
1501,Αγράφων,10,9156
1502,Απεραντίων,11,9156
1503,Ασπροποτάμου,10,9156
1504,Βίνιανης,7,9156
1511,Φραγκίστας,12,9156
1505,Δομνίστας,7,9157
1506,Καρπενησίου,25,9157
1507,Κτημενίων,6,9157
1508,Ποταμιάς,12,9157
1509,Προυσσού,11,9157
1510,Φουρνά,6,9157
1601,Αλυκών,16,9116
1602,Αρκαδίων,12,9116
1603,Αρτεμισίων,16,9116
1604,Ελατίων,8,9116
1605,Ζακυνθίων,34,9116
1606,Λαγανά,13,9116
1703,Ανδραβίδας,8,9135
1707,Βουπρασίας,20,9135
1712,Κάστρου - Κυλλήνης,8,9135
1715,Λεχαινών,12,9135
1701,Αλιφείρας,11,9136
1704,Ανδριτσαίνης,11,9136
1718,Σκιλλούντος,23,9136
1705,Αρχαίας Ολυμπίας,29,9137
1713,Λαμπείας,4,9137
1714,Λασιώνος,7,9137
1721,Φολόης,11,9137
1710,Ζαχάρως,27,9138
1720,Φιγαλείας,9,9138
1702,Αμαλιάδος,51,9139
1716,Πηνείας,18,9139
1706,Βαρθολομιού,11,9140
1709,Γαστούνης,15,9140
1719,Τραγανού,7,9140
1708,Βώλακος,7,9141
1711,Ιαρδάνου,12,9141
1717,Πύργου,65,9141
1722,Ωλένης,20,9141
1801,Αλεξάνδρειας,31,9023
1803,Αντιγονιδών,13,9023
1810,Μελίκης,15,9023
1812,Πλατέος,21,9023
1804,Αποστόλου Παύλου,17,9024
1805,Βεργίνας,8,9024
1806,Βέροιας,66,9024
1807,Δοβρά,12,9024
1809,Μακεδονίδος,8,9024
1802,Ανθεμίων,15,9025
1808,Ειρηνούπολης,9,9025
1811,Νάουσας,34,9025
1903,Αρχανών,9,9302
1904,Αστερουσιών,16,9302
1920,Νίκου Καζαντζάκη,19,9302
1905,Βιάννου,19,9303
1901,Αγίας Βαρβάρας,12,9304
1908,Γόρτυνας,16,9304
1915,Κόφινα,14,9304
1921,Ρούβα,6,9304
1907,Γοργολαϊνη,8,9305
1912,Ηρακλείου,169,9305
1919,Νέας Αλικαρνασσού,17,9305
1922,Τεμένους,7,9305
1923,Παλιανης,6,9305
1906,Γαζίου,22,9306
1916,Κρουσώνα,8,9306
1924,Τυλίσου,13,9306
1902,Αρκαλοχωρίου,24,9307
1913,Θραψανού,7,9307
1914,Καστελλίου,16,9307
1911,Ζαρού,5,9308
1918,Μοιρών,22,9308
1925,Τυμπακίου,19,9308
1909,Γουβών,13,9309
1910,Επισκοπής,6,9309
1917,Μαλλίων,8,9309
1926,Χερσονήσου,12,9309
2002,Ηγουμενίτσης,27,9077
2003,Μαργαριτίου,10,9077
2005,Παραποτάμου,6,9077
2006,Πέρδικας,4,9077
2009,Συβότων,8,9077
2001,Αχέροντα,7,9078
2004,Παραμυθιάς,33,9078
2008,Σουλίου,5,9078
2007,Σαγιάδας,7,9079
2010,Φιλιατών,48,9079
2104,Αμπελοκήπων,42,9026
2128,Μενεμένης,17,9026
2119,Θεσσαλονίκης,372,9031
2141,Τριανδρίας,13,9031
2120,Καλαμαριάς,84,9032
2112,Ελευθερίου - Κορδελιού,30,9033
2115,Ευόσμου,56,9033
2103,Αγίου Παύλου,9,9035
2132,Νεαπόλεως,39,9035
2134,Πεύκων,11,9035
2140,Συκεών,44,9035
2114,Ευκαρπίας,12,9036
2135,Πολίχνης,38,9036
2139,Σταυρουπόλεως,39,9036
2102,Αγίου Γεωργίου,7,9027
2106,Απολλωνίας,11,9027
2107,Αρέθουσας,11,9027
2111,Εγνατίας,7,9027
2127,Μαδύτου,6,9027
2137,Ρεντίνας,9,9027
2105,Αξιού,12,9028
2116,Εχεδώρου,32,9028
2142,Χαλάστρας,14,9028
2113,Επανομής,14,9029
2117,Θερμαϊκού,22,9029
2129,Μηχανιώνας,15,9029
2109,Βασιλικών,16,9030
2118,Θέρμης,27,9030
2130,Μίκρας,17,9030
2108,Ασσήρου,8,9034
2110,Βερτίσκου,9,9034
2122,Καλλινδοίων,10,9034
2123,Κορωνείας,12,9034
2125,Λαγκαδά,31,9034
2126,Λαχανά,12,9034
2138,Σοχού,14,9034
2133,Πανοράματος,19,9037
2136,Πυλαίας,24,9037
2144,Χορτιάτη,22,9037
2101,Αγίου Αθανασίου,22,9038
2124,Κουφαλίων,19,9038
2143,Χαλκηδόνος,17,9038
2121,Καλλιθέας,13,9039
2131,Μυγδονίας,14,9039
2145,Ωραιοκάστρου,22,9039
2207,Βαθυπέδου,1,9080
2218,Καλαριτών,2,9080
2220,Κατσανοχωρίων,10,9080
2225,Ματσουκίου,1,9080
2235,Πραμάντων,7,9080
2238,Συρράκου,2,9080
2239,Τζουμέρκων,8,9080
2201,Αγίου Δημητρίου,21,9081
2210,Λάκκας Σουλίου,14,9081
2212,Δωδώνης,9,9081
2237,Σελλών,15,9081
2204,Ανατολικού Ζαγορίου,14,9082
2208,Βοβούσης,1,9082
2221,Κεντρικού Ζαγορίου,15,9082
2232,Παπίγκου,1,9082
2240,Τύμφης,12,9082
2214,Εκάλης,8,9083
2215,Ευρυμενών,9,9083
2216,Ζίτσας,7,9083
2228,Μολοσσών,20,9083
2233,Πασαρώνος,21,9083
2203,Ανατολής,11,9084
2217,Ιωαννιτών,73,9084
2229,Μπιζανίου,10,9084
2230,Νήσου Ιωαννίνων,1,9084
2231,Παμβώτιδος,23,9084
2234,Περάματος,11,9084
2202,Αετομηλίτσης,1,9085
2211,Διστράτου,1,9085
2222,Κόνιτσας,28,9085
2224,Μαστοροχωρίων,12,9085
2241,Φούρκας,1,9085
2213,Εγνατίας,9,9086
2226,Μετσόβου,9,9086
2227,Μηλέας,2,9086
2205,Ανω Καλαμά,13,9087
2206,Ανω Πωγωνίου,12,9087
2209,Δελβινακίου,17,9087
2219,Καλπακίου,10,9087
2223,Λάβδανης,2,9087
2236,Πωγωνιανής,4,9087
2303,Θάσου,26,9011
2304,Καβάλας,90,9012
2310,Φιλίππων,30,9012
2305,Κεραμωτής,11,9013
2306,Ορεινού,10,9013
2311,Χρυσούπολης,34,9013
2301,Ελευθερούπολης,19,9014
2302,Ελευθερών,14,9014
2307,Ορφανού,12,9014
2308,Παγγαίου,11,9014
2309,Πιερέων,14,9014
2401,Ανατολικής Αργιθέας,9,9091
2402,Αργιθέας,10,9091
2404,Αχελώου,6,9091
2406,Ιτάμου,14,9092
2407,Καλλιφωνίου,9,9092
2408,Κάμπου,12,9092
2409,Καρδίτσας,50,9092
2411,Μητρόπολης,11,9092
2413,Νεβρόπολης Αγράφων,11,9093
2416,Πλαστήρα,10,9093
2405,Ιθώμης,12,9094
2412,Μουζακίου,26,9094
2415,Παμίσου,10,9094
2414,Παλαμά,20,9095
2418,Σελλάνων,12,9095
2421,Φύλλου,10,9095
2403,Αρνης,7,9096
2410,Μενελαϊδας,8,9096
2417,Ρεντίνης,2,9096
2419,Σοφάδων,24,9096
2420,Ταμασίου,10,9096
2501,Αγίας Τριάδος,14,9063
2502,Αγίων Αναργύρων,7,9063
2504,Μεσοποταμιάς,11,9063
2506,Βιτσίου,8,9063
2509,Καστοριάς,24,9063
2510,Καστρακίου,2,9063
2511,Κλεισούρας,2,9063
2512,Κορεστείων,7,9063
2513,Μακέδνων,7,9063
2503,Ακριτών,5,9064
2505,Αρρένων,3,9064
2507,Γράμμου,1,9064
2514,Νεστορίου,8,9064
2508,Ίωνος Δραγούμη,8,9065
2515,Αργους Ορεστικού,23,9065
2601,Αγίου Γεωργίου,15,9118
2602,Αχιλλείων,21,9118
2603,Ερεικούσσης,1,9118
2604,Εσπερίων,17,9118
2605,Θιναλίου,13,9118
2606,Κασσωπαίων,6,9118
2607,Κερκυραίων,58,9118
2608,Κορισσίων,15,9118
2609,Λευκιμμαίων,15,9118
2610,Μαθρακίου,1,9118
2611,Μελιτειέων,14,9118
2612,Οθωνών,1,9118
2613,Παλαιοκαστριτών,11,9118
2615,Παρελίων,15,9118
2616,Φαιάκων,12,9118
2614,Παξών,6,9119
2704,Ιθάκης,11,9117
2701,Αργοστολίου,28,9120
2702,Ελειού - Πρόνων,14,9120
2703,Ερίσου,13,9120
2705,Λειβαθούς,13,9120
2706,Ομαλών,2,9120
2707,Παλικής,23,9120
2708,Πυλαρέων,5,9120
2709,Σάμης,10,9120
2802,Γαλλικού,16,9040
2804,Δοϊράνης,6,9040
2806,Κιλκίς,46,9040
2807,Κρουσσών,29,9040
2809,Μουριών,11,9040
2810,Πικρολίμνης,18,9040
2812,Χέρσου,11,9040
2801,Αξιούπολης,18,9041
2803,Γουμένισσας,17,9041
2805,Ευρωπού,11,9041
2808,Λιβαδίων,2,9041
2811,Πολυκάστρου,30,9041
2903,Ασκίου,13,9066
2914,Νεάπολης,23,9066
2915,Πενταλόφου,5,9066
2918,Σιάτιστας,13,9066
2919,Τσοτυλίου,29,9066
2901,Αγίας Παρασκευής,7,9067
2905,Βερμίου,9,9067
2906,Βλάστης,2,9067
2913,Μουρικίου,13,9067
2916,Πτολεμαϊδας,53,9067
2902,Αιανής,11,9068
2907,Δημητρίου Υψηλάντη,8,9068
2908,Ελιμείας,15,9068
2909,Ελλησπόντου,24,9068
2911,Κοζάνης,69,9068
2904,Βελβεντού,9,9069
2910,Καμβουνίων,8,9069
2912,Λιβαδερού,4,9069
2917,Σερβίων,28,9069
3003,Βέλου,17,9242
3004,Βόχας,20,9242
3002,Ασσου-Λεχαίου,12,9243
3006,Κορινθίων,58,9243
3010,Σαρωνικού,9,9243
3012,Σολυγείας,6,9243
3014,Τενέας,10,9243
3001,Αγίων Θεοδώρων,7,9244
3007,Λουτρακίου-Περαχώρας,28,9244
3008,Νεμέας,19,9245
3005,Ευρωστίνης,14,9246
3009,Ξυλοκάστρου,41,9246
3011,Σικυωνίων,38,9247
3013,Στυμφαλίας,10,9247
3015,Φενεού,9,9247
3103,Ανδρου,13,9268
3115,Κορθίου,8,9268
3130,Υδρούσας,13,9268
3102,Ανάφης,1,9269
3111,Θήρας,23,9270
3121,Οίας,3,9270
3112,Ιητών,4,9271
3126,Σικίνου,1,9272
3131,Φολεγάνδρου,2,9273
3113,Κέας,5,9282
3117,Κύθνου,5,9283
3114,Κιμώλου,3,9286
3118,Μήλου,11,9287
3125,Σερίφου,4,9288
3127,Σίφνου,6,9289
3119,Μυκόνου,13,9290
3101,Αμοργού,6,9291
3106,Δονούσης,1,9292
3107,Δρυμαλίας,20,9292
3110,Ηράκλειας,1,9292
3116,Κουφονησίων,1,9292
3120,Νάξου,22,9292
3128,Σχοινούσσης,1,9292
3104,Αντιπάρου,2,9293
3123,Πάρου,23,9294
3105,Ανω Σύρου,7,9300
3109,Ερμουπόλεως,24,9300
3124,Ποσειδωνίας,5,9300
3108,Εξωμβούργου,11,9301
3122,Πανόρμου,2,9301
3129,Τήνου,9,9301
3201,Ανατολικής Μάνης,7,9248
3205,Γυθείου,26,9248
3217,Οιτύλου,21,9248
3220,Σμύνους,11,9248
3206,Ελαφονήσου,2,9249
3204,Γερόνθρων,6,9250
3207,Έλους,11,9250
3211,Κροκεών,9,9250
3215,Νιάτων,7,9250
3219,Σκάλας,13,9250
3202,Ασωπού,8,9251
3203,Βοιών,18,9251
3208,Ζάρακα,7,9251
3212,Μολάων,14,9251
3213,Μονεμβασίας,12,9251
3209,Θεραπνών,10,9252
3210,Καρυών,3,9252
3214,Μυστρά,17,9252
3216,Οινούντος,12,9252
3218,Πελλάνας,16,9252
3221,Σπάρτης,33,9252
3222,Φαρίδος,18,9252
3301,Αγιάς,13,9097
3311,Ευρυμενών,7,9097
3317,Λακέρειας,5,9097
3321,Μελιβοίας,8,9097
3304,Αντιχασίων,8,9098
3306,Βερδικούσης,4,9098
3309,Ελασσόνας,25,9098
3312,Καρυάς,4,9098
3319,Λιβαδίου,6,9098
3325,Ολύμπου,10,9098
3328,Ποταμιάς,12,9098
3329,Σαρανταπόρου,9,9098
3332,Τσαριτσάνης,4,9098
3305,Αρμενίου,6,9099
3314,Κιλελέρ,7,9099
3316,Κραννώνος,11,9099
3324,Νίκαιας,17,9099
3326,Πλατυκάμπου,18,9099
3307,Γιάννουλης,12,9100
3315,Κοιλάδας,10,9100
3318,Λάρισας,155,9100
3302,Αμπελακίων,3,9101
3308,Γόννων,7,9101
3313,Κάτω Ολύμπου,10,9101
3320,Μακρυχωρίου,6,9101
3323,Νέσσωνος,12,9101
3303,Αμπελώνος,15,9102
3330,Τυρνάβου,25,9102
3310,Ενιππέα,11,9103
3322,Ναρθακίου,6,9103
3327,Πολυδάμαντα,15,9103
3331,Φαρσάλων,13,9103
3401,Αγίου Νικολάου,33,9310
3406,Νεάπολης,15,9310
3409,Βραχασίου,3,9310
3402,Ιεράπετρας,43,9311
3405,Μακρύ Γιαλού,6,9311
3407,Οροπεδίου Λασιθίου,13,9312
3403,Ιτάνου,6,9313
3404,Λεύκης,7,9313
3408,Σητείας,31,9313
3410,Αποσπ. Μακρύ Γιαλού,4,9313
3501,Αγίας Παρασκευής,6,9261
3502,Αγιάσου,6,9261
3505,Γέρας,14,9261
3506,Ερεσού - Αντίσσης,14,9261
3507,Ευεργέτουλα,9,9261
3508,Καλλονής,20,9261
3509,Λουτροπόλεως Θερμής,8,9261
3510,Μανταμάδου,7,9261
3511,Μήθυμνας,6,9261
3514,Μυτιλήνης,58,9261
3516,Πέτρας,11,9261
3517,Πλωμαρίου,18,9261
3518,Πολιχνίτου,13,9261
3503,Αγίου Ευστρατίου,2,9262
3504,Ατσικής,12,9263
3512,Μούδρου,14,9263
3513,Μύρινας,17,9263
3515,Νέας Κούταλης,11,9263
3601,Απολλωνίων,14,9121
3602,Ελλομένου,12,9121
3603,Καλάμου,3,9121
3604,Καρυάς,5,9121
3605,Καστού,1,9121
3606,Λευκάδος,23,9121
3608,Σφακιωτών,7,9121
3607,Μεγανησίου,5,9122
3703,Αλμυρού,25,9104
3705,Ανάβρας,2,9104
3720,Πτελεού,7,9104
3724,Σούρπης,8,9104
3701,Αγριάς,9,9105
3702,Αισωνίας,7,9105
3707,Αρτέμιδας,10,9105
3709,Βόλου,94,9105
3711,Ιωλκού,5,9105
3714,Μακρινίτσης,2,9105
3717,Νέας Αγχιάλου,10,9105
3718,Νέας Ιωνίας,41,9105
3719,Πορταριάς,6,9105
3710,Ζαγοράς,8,9106
3716,Μουρεσίου,8,9106
3706,Αργαλαστής,5,9107
3708,Αφετών,7,9107
3715,Μηλεών,7,9107
3721,Σηπιάδος,6,9107
3725,Τρικερίου,3,9107
3712,Κάρλας,10,9108
3713,Κεραμιδίου,3,9108
3726,Φερών,12,9108
3704,Αλοννήσου,3,9109
3722,Σκιάθου,8,9110
3723,Σκοπέλου,9,9111
3801,Αβίας,8,9253
3819,Λεύκτρου,20,9253
3806,Αριος,8,9254
3808,Αρφαρών,11,9254
3814,Θουρίας,9,9254
3816,Καλαμάτας,94,9254
3803,Αιπείας,6,9255
3805,Ανδρούσης,12,9255
3807,Αριστομένους,12,9255
3810,Βουφράδων,7,9255
3815,Ιθώμης,9,9255
3822,Μεσσήνης,28,9255
3826,Πεταλιδίου,14,9255
3828,Τρικόρφου,5,9255
3804,Ανδανίας,15,9256
3812,Δωρίου,12,9256
3813,Είρας,8,9256
3821,Μελιγαλά,15,9256
3824,Οιχαλίας,13,9256
3817,Κορώνης,15,9257
3820,Μεθώνης,10,9257
3823,Νέστορος,14,9257
3825,Παπαφλέσσα,6,9257
3827,Πύλου,19,9257
3831,Χιλιοχωρίων,8,9257
3802,Αετού,14,9258
3809,Αυλώνος,11,9258
3811,Γαργαλιάνων,17,9258
3818,Κυπαρισσίας,21,9258
3829,Τριπύλας,7,9258
3830,Φιλιατρών,17,9258
3901,Αβδήρων,13,9015
3902,Βιστωνίδος,30,9015
3908,Σελέρου,11,9015
3903,Θερμών,5,9016
3904,Κοτύλης,6,9016
3905,Μύκης,27,9016
3907,Σατρών,2,9016
3906,Ξάνθης,77,9017
3909,Σταυρούπολης,13,9017
3910,Τοπείρου,32,9018
4101,Αριδαίας,40,9042
4105,Εξαπλατάνου,23,9042
4102,Βεγορίτιδας,13,9043
4104,Έδεσσας,43,9043
4103,Γιαννιτσών,53,9044
4106,Κρύας Βρύσης,18,9044
4107,Κύρρου,16,9044
4108,Μεγάλου Αλεξάνδρου,14,9044
4110,Πέλλας,15,9044
4109,Μενηίδος,11,9045
4111,Σκύδρας,30,9045
4202,Ανατολικού Ολύμπου,16,9046
4203,Δίου,20,9046
4208,Λιτοχώρου,11,9046
4204,Ελαφίνας,16,9047
4205,Κατερίνης,83,9047
4207,Κορινού,17,9047
4210,Παραλίας,12,9047
4211,Πέτρας,14,9047
4212,Πιερίων,7,9047
4201,Αιγινίου,10,9048
4206,Κολινδρού,9,9048
4209,Μεθώνης,8,9048
4213,Πύδνας,10,9048
4301,Ανωγείου,5,9088
4303,Θεσπρωτικού,18,9088
4304,Κρανέας,3,9088
4309,Φιλιππιάδος,21,9088
4306,Πάργας,10,9089
4308,Φαναρίου,33,9089
4302,Ζαλόγγου,18,9090
4305,Λούρου,19,9090
4307,Πρεβέζης,34,9090
4406,Λάμπης,19,9314
4411,Φοίνικα,11,9314
4405,Κουρητών,12,9315
4410,Συβρίτου,14,9315
4401,Ανωγείων,5,9316
4403,Γεροποτάμου,22,9317
4404,Κουλούκωνα,20,9317
4412,Ζωνιανών,2,9317
4402,Αρκαδίου,17,9318
4407,Λαππαίων,10,9318
4408,Νικηφόρου Φωκά,17,9318
4409,Ρεθύμνης,46,9318
4503,Αρριανών,16,9019
4505,Κέχρου,5,9019
4509,Οργάνης,9,9019
4512,Φιλλύρας,25,9019
4502,Αμαξάδων,4,9020
4504,Ιάσμου,19,9020
4511,Σώστου,18,9020
4501,Αιγείρου,13,9021
4506,Κομοτηνής,86,9021
4508,Νέου Σιδηροχωρίου,10,9021
4507,Μαρωνείας,22,9022
4510,Σαπών,29,9022
4601,Αγίου Κηρύκου,8,9259
4603,Ευδήλου,10,9259
4607,Ραχών,6,9259
4608,Φούρνων Κορσεών,5,9260
4602,Βαθέος,25,9264
4604,Καρλοβασίων,22,9264
4605,Μαραθοκάμπου,8,9264
4606,Πυθαγορείου,23,9264
4703,Αμφίπολης,8,9049
4712,Κορμίστας,7,9049
4719,Πρώτης,7,9049
4720,Ροδολίβους,8,9049
4705,Αχινού,11,9050
4707,Βισαλτίας,15,9050
4715,Νιγρίτης,19,9050
4727,Τραγίλου,14,9050
4708,Εμμανουήλ Παππά,26,9051
4725,Στρυμώνα,19,9051
4709,Ηρακλείας,32,9052
4723,Σκοτούσσης,14,9052
4726,Στρυμωνικού,11,9052
4702,Αλιστράτης,10,9053
4714,Νέας Ζίχνης,27,9053
4704,Ανω Βροντούς,1,9054
4710,Καπετάν Μητρούσιου,14,9054
4713,Λευκώνα,11,9054
4716,Ορεινής,2,9054
4721,Σερρών,83,9054
4724,Σκουτάρεως,17,9054
4701,Αγκίστρου,2,9055
4706,Αχλαδοχωρίου,5,9055
4711,Κερκίνης,27,9055
4717,Πετριτσίου,18,9055
4718,Προμαχώνος,1,9055
4722,Σιδηροκάστρου,27,9055
4802,Ασπροποτάμου,5,9112
4803,Βασιλικής,7,9112
4806,Καλαμπάκας,26,9112
4808,Καστανιάς,7,9112
4809,Κλεινοβού,8,9112
4811,Μαλακασίου,7,9112
4823,Τυμφαίων,11,9112
4826,Χασίων,17,9112
4801,Αιθήκων,12,9113
4804,Γόμφων,11,9113
4813,Μυροφύλλου,3,9113
4814,Νεράιδας,6,9113
4819,Πιαλείων,11,9113
4820,Πύλης,11,9113
4821,Πυνδαίων,11,9113
4805,Εστιαιώτιδας,6,9114
4807,Καλλιδένδρου,7,9114
4810,Κόζιακα,8,9114
4812,Μεγάλων Καλυβίων,7,9114
4816,Παληοκάστρου,11,9114
4817,Παραληθαίων,9,9114
4822,Τρικκαίων,65,9114
4824,Φαλωρείας,12,9114
4815,Οιχαλίας,15,9115
4818,Πελινναίων,6,9115
4825,Φαρκαδόνας,15,9115
4903,Αμφίκλειας,9,9158
4908,Ελάτειας,9,9158
4923,Τιθορέας,8,9158
4907,Δομοκού,18,9159
4910,Θεσσαλιώτιδος,10,9159
4917,Ξυνιάδος,9,9159
4905,Γοργοποτάμου,12,9160
4912,Λαμιέων,83,9160
4913,Λειανοκλαδίου,6,9160
4919,Παύλιανης,1,9160
4925,Υπάτης,22,9160
4904,Αταλάντης,16,9161
4906,Δαφνουσίων,7,9161
4915,Μαλεσίνης,8,9161
4918,Οπουντίων,6,9161
4901,Αγίου Γεωργίου Τυμφρηστού,13,9162
4914,Μακρακώμης,17,9162
4921,Σπερχειάδος,25,9162
4924,Τυμφρηστού,1,9162
4902,Αγίου Κωνσταντίνου,6,9163
4911,Καμένων Βούρλων,9,9163
4916,Μώλου,13,9163
4909,Εχιναίων,9,9164
4920,Πελασγίας,7,9164
4922,Στυλίδος,13,9164
5001,Αετού,12,9070
5002,Αμυνταίου,21,9070
5003,Βαρικού,2,9070
5006,Λεχόβου,2,9070
5008,Νυμφαίου,1,9070
5011,Φιλώτα,11,9070
5005,Κρυσταλλοπηγής,3,9071
5010,Πρεσπών,15,9071
5004,Κάτω Κλεινών,25,9072
5007,Μελίτης,25,9072
5009,Περάσματος,24,9072
5012,Φλώρινας,33,9072
5101,Αμφίσσης,17,9165
5103,Γαλαξιδίου,6,9165
5104,Γραβιάς,10,9165
5105,Δελφών,4,9165
5106,Δεσφίνης,3,9165
5108,Ιτέας,10,9165
5109,Καλλιέων,7,9165
5111,Παρνασσού,5,9165
5102,Βαρδουσίων,13,9166
5107,Ευπαλίου,20,9166
5110,Λιδορικίου,20,9166
5112,Τολοφώνος,11,9166
5202,Αρναίας,13,9056
5209,Παναγίας,8,9056
5212,Σταγύρων-Ακάνθου,20,9056
5205,Κασσάνδρας,18,9057
5208,Παλλήνης,12,9057
5204,Καλλικράτειας,17,9058
5206,Μουδανιών,30,9058
5214,Τρίγλιας,11,9058
5201,Ανθεμούντα,10,9059
5203,Ζερβοχωρίων,6,9059
5207,Ορμυλίας,7,9059
5210,Πολυγύρου,19,9059
5211,Σιθωνίας,15,9060
5213,Τορώνης,7,9060
5303,Αρμένων,11,9319
5304,Ασή Γωνιάς,2,9319
5305,Βάμου,10,9319
5308,Γεωργιουπόλεως,7,9319
5316,Κρυονερίδας,7,9319
5324,Φρέ,5,9319
5307,Γαύδου,1,9320
5302,Ανατολικού Σελίνου,7,9321
5312,Καντάνου,4,9321
5320,Πελεκάνου,7,9321
5311,Ινναχωρίου,8,9322
5314,Κισσάμου,16,9322
5318,Μυθήμνης,12,9322
5306,Βουκολιών,10,9323
5315,Κολυμβαρίου,18,9323
5317,Μουσούρων,17,9323
5321,Πλατανιά,15,9323
5323,Σφακίων,10,9324
5301,Ακρωτηρίου,13,9325
5309,Ελευθερίου Βενιζέλου,13,9325
5310,Θερίσου,10,9325
5313,Κεραμιών,7,9325
5319,Νέας Κυδωνίας,10,9325
5322,Σούδας,10,9325
5325,Χανίων,66,9325
5407,Οινουσσών,3,9265
5401,Αγίου Μηνά,6,9266
5402,Αμανής,16,9266
5403,Ιωνίας,15,9266
5404,Καμποχώρων,11,9266
5405,Καρδαμύλων,12,9266
5406,Μαστιχοχωρίων,14,9266
5408,Ομηρούπολης,19,9266
5409,Χίου,37,9266
5410,Ψαρών,1,9267
